
insert into user_info (user_id, user_pw, user_name,user_type, enabled, cre_date, upd_date) values ('adm', '1', 'adm', 'ADM', 'Y', '20181214','20181225');
insert into user_info (user_id, user_pw, user_name,user_type, enabled, cre_date, upd_date) values ('pro1', '1', 'provider1','PRO', 'Y', '20181225', '20181225');
insert into user_info (user_id, user_pw, user_name,user_type, enabled, cre_date, upd_date) values ('pro2', '1', 'provider2','PRO', 'Y', '20181211','20181211');
insert into user_info (user_id, user_pw, user_name,user_type, enabled, cre_date, upd_date) values ('con1', '1', 'consumer1','CON', 'Y','20181212','20181227');
insert into user_info (user_id, user_pw, user_name,user_type, enabled, cre_date, upd_date) values ('con2', '1', 'consumer2','CON', 'Y','20181212','20181227');
insert into user_info (user_id, user_pw, user_name,user_type, enabled, cre_date, upd_date) values ('pro3', '1', 'provider3','PRO', 'Y','20181212','20181227');
insert into user_info (user_id, user_pw, user_name,user_type, enabled, cre_date, upd_date) values ('pro4', '1', 'provider4','PRO', 'Y','20181212','20181227');
insert into user_info (user_id, user_pw, user_name,user_type, enabled, cre_date, upd_date) values ('pro5', '1', 'provider5','PRO', 'Y','20181212','20181227');
insert into user_info (user_id, user_pw, user_name,user_type, enabled, cre_date, upd_date) values ('pro6', '1', 'provider6','PRO', 'Y','20181212','20181227');
insert into user_info (user_id, user_pw, user_name,user_type, enabled, cre_date, upd_date) values ('pro7', '1', 'provider7','PRO', 'Y','20181212','20181227');
insert into user_info (user_id, user_pw, user_name,user_type, enabled, cre_date, upd_date) values ('pro8', '1', 'provider8','PRO', 'Y','20181212','20181227');
insert into user_info (user_id, user_pw, user_name,user_type, enabled, cre_date, upd_date) values ('pro9', '1', 'provider9','PRO', 'Y','20181212','20181227');
insert into user_info (user_id, user_pw, user_name,user_type, enabled, cre_date, upd_date) values ('pro10', '1', 'provider10','PRO', 'Y','20181212','20181227');
insert into user_info (user_id, user_pw, user_name,user_type, enabled, cre_date, upd_date) values ('pro11', '1', 'provider11','PRO', 'Y','20181212','20181227');
insert into user_info (user_id, user_pw, user_name,user_type, enabled, cre_date, upd_date) values ('pro12', '1', 'provider12','PRO', 'Y','20181212','20181227');
insert into user_info (user_id, user_pw, user_name,user_type, enabled, cre_date, upd_date) values ('pro13', '1', 'provider13','PRO', 'Y','20181212','20181227');
insert into user_info (user_id, user_pw, user_name,user_type, enabled, cre_date, upd_date) values ('pro14', '1', 'provider14','PRO', 'Y','20181212','20181227');
insert into user_info (user_id, user_pw, user_name,user_type, enabled, cre_date, upd_date) values ('pro15', '1', 'provider15','PRO', 'Y','20181212','20181227');
insert into user_info (user_id, user_pw, user_name,user_type, enabled, cre_date, upd_date) values ('pro16', '1', 'provider16','PRO', 'Y','20181212','20181227');
insert into user_info (user_id, user_pw, user_name,user_type, enabled, cre_date, upd_date) values ('pro17', '1', 'provider17','PRO', 'Y','20181212','20181227');
insert into user_info (user_id, user_pw, user_name,user_type, enabled, cre_date, upd_date) values ('pro18', '1', 'provider18','PRO', 'Y','20181212','20181227');

insert into store_info (store_id, owner_id, store_name, store_desc, store_lat, store_lon, enabled, cre_date, upd_date) 
values ('store1','pro1','store1','this is store1',37.497944,127.027618, 'Y', '20181214','20181225');
insert into store_info (store_id, owner_id, store_name, store_desc, store_lat, store_lon, enabled, cre_date, upd_date) 
values ('store2','pro1','store2','this is store2',37.498710,127.029480, 'Y', '20181214','20181225');
insert into store_info (store_id, owner_id, store_name, store_desc, store_lat, store_lon, enabled, cre_date, upd_date) 
values ('store3','pro2','store3','this is store3',37.498130,127.029110, 'Y', '20181214','20181225');
insert into store_info (store_id, owner_id, store_name, store_desc, store_lat, store_lon, enabled, cre_date, upd_date) 
values ('store4','pro3','store4','this is store4',37.498130,127.029310, 'Y', '20181214','20181225');
insert into store_info (store_id, owner_id, store_name, store_desc, store_lat, store_lon, enabled, cre_date, upd_date) 
values ('store5','pro4','store5','this is store5',37.498430,127.029110, 'Y', '20181214','20181225');
insert into store_info (store_id, owner_id, store_name, store_desc, store_lat, store_lon, enabled, cre_date, upd_date) 
values ('store6','pro5','store6','this is store6',37.496130,127.029210, 'Y', '20181214','20181225');
insert into store_info (store_id, owner_id, store_name, store_desc, store_lat, store_lon, enabled, cre_date, upd_date) 
values ('store7','pro6','store7','this is store7',37.497130,127.029120, 'Y', '20181214','20181225');
insert into store_info (store_id, owner_id, store_name, store_desc, store_lat, store_lon, enabled, cre_date, upd_date) 
values ('store8','pro7','store8','this is store8',37.458130,127.029160, 'Y', '20181214','20181225');
insert into store_info (store_id, owner_id, store_name, store_desc, store_lat, store_lon, enabled, cre_date, upd_date) 
values ('store9','pro8','store9','this is store9',37.458130,127.029150, 'Y', '20181214','20181225');
insert into store_info (store_id, owner_id, store_name, store_desc, store_lat, store_lon, enabled, cre_date, upd_date) 
values ('store10','pro9','store10','this is store10',37.498830,127.029910, 'Y', '20181214','20181225');
insert into store_info (store_id, owner_id, store_name, store_desc, store_lat, store_lon, enabled, cre_date, upd_date) 
values ('store11','pro10','store11','this is store11',37.493130,127.020110, 'Y', '20181214','20181225');
insert into store_info (store_id, owner_id, store_name, store_desc, store_lat, store_lon, enabled, cre_date, upd_date) 
values ('store12','pro11','store12','this is store12',37.498430,127.029119, 'Y', '20181214','20181225');
insert into store_info (store_id, owner_id, store_name, store_desc, store_lat, store_lon, enabled, cre_date, upd_date) 
values ('store13','pro12','store13','this is store13',37.498335,127.029290, 'Y', '20181214','20181225');
insert into store_info (store_id, owner_id, store_name, store_desc, store_lat, store_lon, enabled, cre_date, upd_date) 
values ('store14','pro13','store14','this is store14',37.498330,127.029980, 'Y', '20181214','20181225');
insert into store_info (store_id, owner_id, store_name, store_desc, store_lat, store_lon, enabled, cre_date, upd_date) 
values ('store15','pro14','store15','this is store15',37.498333,127.029990, 'Y', '20181214','20181225');
insert into store_info (store_id, owner_id, store_name, store_desc, store_lat, store_lon, enabled, cre_date, upd_date) 
values ('store16','pro15','store16','this is store16',37.498330,127.021991, 'Y', '20181214','20181225');
insert into store_info (store_id, owner_id, store_name, store_desc, store_lat, store_lon, enabled, cre_date, upd_date) 
values ('store17','pro16','store17','this is store17',37.498030,127.029000, 'Y', '20181214','20181225');
insert into store_info (store_id, owner_id, store_name, store_desc, store_lat, store_lon, enabled, cre_date, upd_date) 
values ('store18','pro18','store18','this is store18',37.498311,127.029980, 'Y', '20181214','20181225');

insert into menu_info (store_id, menu_name, menu_price, enabled, cre_date, upd_date) values('store1','붕어빵',1000, 'Y', '20181214','20181225');
insert into menu_info (store_id, menu_name, menu_price, enabled, cre_date, upd_date) values('store1','붕어빵3',2000, 'Y','20181212','20181227');
insert into menu_info (store_id, menu_name, menu_price, enabled, cre_date, upd_date) values('store1','크림붕어빵',2000, 'Y','20181212','20181227');
insert into menu_info (store_id, menu_name, menu_price, enabled, cre_date, upd_date) values('store2','땅콩과자',2000, 'Y', '20181214','20181225');
insert into menu_info (store_id, menu_name, menu_price, enabled, cre_date, upd_date) values('store2','바나나빵',3000, 'N','20181212','20181227');
insert into menu_info (store_id, menu_name, menu_price, enabled, cre_date, upd_date) values('store3','군고구마',5000, 'Y', '20181214','20181225');
insert into menu_info (store_id, menu_name, menu_price, enabled, cre_date, upd_date) values('store4','호빵',5000, 'Y', '20181214','20181225');
insert into menu_info (store_id, menu_name, menu_price, enabled, cre_date, upd_date) values('store4','만두',5000, 'Y', '20181214','20181225');
insert into menu_info (store_id, menu_name, menu_price, enabled, cre_date, upd_date) values('store5','찐빵',500, 'Y', '20181214','20181225');
insert into menu_info (store_id, menu_name, menu_price, enabled, cre_date, upd_date) values('store5','군고구마',5000, 'Y', '20181214','20181225');
insert into menu_info (store_id, menu_name, menu_price, enabled, cre_date, upd_date) values('store5','크림빵',300, 'Y', '20181214','20181225');
insert into menu_info (store_id, menu_name, menu_price, enabled, cre_date, upd_date) values('store6','에코백',2000, 'Y', '20181214','20181225');
insert into menu_info (store_id, menu_name, menu_price, enabled, cre_date, upd_date) values('store7','솜사탕',1000, 'Y', '20181214','20181225');
insert into menu_info (store_id, menu_name, menu_price, enabled, cre_date, upd_date) values('store8','칵테일A',15000, 'Y', '20181214','20181225');
insert into menu_info (store_id, menu_name, menu_price, enabled, cre_date, upd_date) values('store9','칵테일B',35000, 'Y', '20181214','20181225');
insert into menu_info (store_id, menu_name, menu_price, enabled, cre_date, upd_date) values('store9','크림칵테일',5000, 'Y', '20181214','20181225');
insert into menu_info (store_id, menu_name, menu_price, enabled, cre_date, upd_date) values('store9','개나리',15000, 'Y', '20181214','20181225');
insert into menu_info (store_id, menu_name, menu_price, enabled, cre_date, upd_date) values('store9','무궁화',25000, 'Y', '20181214','20181225');
insert into menu_info (store_id, menu_name, menu_price, enabled, cre_date, upd_date) values('store10','삼천리',5000, 'Y', '20181214','20181225');
insert into menu_info (store_id, menu_name, menu_price, enabled, cre_date, upd_date) values('store11','고구마',5000, 'Y', '20181214','20181225');
insert into menu_info (store_id, menu_name, menu_price, enabled, cre_date, upd_date) values('store11','핸드폰',35000, 'Y', '20181214','20181225');
insert into menu_info (store_id, menu_name, menu_price, enabled, cre_date, upd_date) values('store12','이어폰',35000, 'Y', '20181214','20181225');
insert into menu_info (store_id, menu_name, menu_price, enabled, cre_date, upd_date) values('store13','핸드폰케이스A',5000, 'Y', '20181214','20181225');
insert into menu_info (store_id, menu_name, menu_price, enabled, cre_date, upd_date) values('store13','핸드폰케이스B',5000, 'Y', '20181214','20181225');
insert into menu_info (store_id, menu_name, menu_price, enabled, cre_date, upd_date) values('store13','핸드폰케이스C',5000, 'Y', '20181214','20181225');
insert into menu_info (store_id, menu_name, menu_price, enabled, cre_date, upd_date) values('store14','핸드폰케이스',5000, 'Y', '20181214','20181225');
insert into menu_info (store_id, menu_name, menu_price, enabled, cre_date, upd_date) values('store15','핸드폰케이스가나다',5000, 'Y', '20181214','20181225');
insert into menu_info (store_id, menu_name, menu_price, enabled, cre_date, upd_date) values('store15','핸드폰케이스D',5000, 'Y', '20181214','20181225');
insert into menu_info (store_id, menu_name, menu_price, enabled, cre_date, upd_date) values('store16','핸드폰케이스F',5000, 'Y', '20181214','20181225');
insert into menu_info (store_id, menu_name, menu_price, enabled, cre_date, upd_date) values('store16','핸드폰케이스C',5000, 'Y', '20181214','20181225');
insert into menu_info (store_id, menu_name, menu_price, enabled, cre_date, upd_date) values('store17','땅콩과자',5000, 'Y', '20181214','20181225');
insert into menu_info (store_id, menu_name, menu_price, enabled, cre_date, upd_date) values('store18','군밤',1000, 'Y', '20181214','20181225');

 

insert into rating (store_id, rate, writer_id, comment, cre_date, upd_date) values('store1',10,'con1','very good','20181215','20181215');
insert into rating (store_id, rate, writer_id, comment, cre_date, upd_date) values('store1',2,'con2','bad','20181215','20181215');
insert into rating (store_id, rate, writer_id, comment, cre_date, upd_date) values('store2',8,'con1','hmm','20181215','20181215');
insert into rating (store_id, rate, writer_id, comment, cre_date, upd_date) values('store2',5,'con2','test msg','20181215','20181215');
insert into rating (store_id, rate, writer_id, comment, cre_date, upd_date) values('store2',6,'adm','good-good','20181215','20181215');
insert into rating (store_id, rate, writer_id, comment, cre_date, upd_date) values('store3',10,'con2','not bad','20181215','20181215');
insert into rating (store_id, rate, writer_id, comment, cre_date, upd_date) values('store4',10,'con2','not bad','20181215','20181215');
insert into rating (store_id, rate, writer_id, comment, cre_date, upd_date) values('store5',10,'con2','bad','20181215','20181215');
insert into rating (store_id, rate, writer_id, comment, cre_date, upd_date) values('store6',10,'con2','huh?','20181215','20181215');
insert into rating (store_id, rate, writer_id, comment, cre_date, upd_date) values('store7',10,'con2','abc~','20181215','20181215');
